molecule_list_name,peptide_modified_sequence,genotype,timepoint,bio_rep,tech_rep,total_area
gi|145601729|ref|XP_363034.2|,KLS[+80]ASGS[+80]PGSVNLGR,Guy11,0,1,1,0.0010312747646961272
gi|145601729|ref|XP_363034.2|,KLS[+80]ASGS[+80]PGSVNLGR,Guy11,0,1,2,0.0011302666156286167
gi|145601729|ref|XP_363034.2|,KLS[+80]ASGS[+80]PGSVNLGR,Guy11,0,2,1,NA
gi|145601729|ref|XP_363034.2|,KLS[+80]ASGS[+80]PGSVNLGR,Guy11,0,2,2,NA
gi|145601729|ref|XP_363034.2|,KLS[+80]ASGS[+80]PGSVNLGR,Guy11,0,3,1,3.999198812959078e-4
gi|145601729|ref|XP_363034.2|,KLS[+80]ASGS[+80]PGSVNLGR,Guy11,0,3,2,2.315327772028156e-4
gi|145601729|ref|XP_363034.2|,KLS[+80]ASGS[+80]PGSVNLGR,Guy11,1,1,1,3.928204766876915e-4
gi|145601729|ref|XP_363034.2|,KLS[+80]ASGS[+80]PGSVNLGR,Guy11,1,1,2,1.6689876832234684e-4
gi|145601729|ref|XP_363034.2|,KLS[+80]ASGS[+80]PGSVNLGR,Guy11,1,2,1,2.9798960851092754e-4
gi|145601729|ref|XP_363034.2|,KLS[+80]ASGS[+80]PGSVNLGR,Guy11,1,2,2,NA
gi|145601729|ref|XP_363034.2|,KLS[+80]ASGS[+80]PGSVNLGR,Guy11,1,3,1,2.806289692873941e-4
gi|145601729|ref|XP_363034.2|,KLS[+80]ASGS[+80]PGSVNLGR,Guy11,1,3,2,NA
gi|145601729|ref|XP_363034.2|,KLS[+80]ASGS[+80]PGSVNLGR,Guy11,1.5,1,1,8.217341462339908e-4
gi|145601729|ref|XP_363034.2|,KLS[+80]ASGS[+80]PGSVNLGR,Guy11,1.5,1,2,6.690246059064436e-4
gi|145601729|ref|XP_363034.2|,KLS[+80]ASGS[+80]PGSVNLGR,Guy11,1.5,2,1,1.1710257374958253e-4
gi|145601729|ref|XP_363034.2|,KLS[+80]ASGS[+80]PGSVNLGR,Guy11,1.5,2,2,NA
gi|145601729|ref|XP_363034.2|,KLS[+80]ASGS[+80]PGSVNLGR,Guy11,1.5,3,1,1.574460732682913e-4
gi|145601729|ref|XP_363034.2|,KLS[+80]ASGS[+80]PGSVNLGR,Guy11,1.5,3,2,NA
gi|145601729|ref|XP_363034.2|,KLS[+80]ASGS[+80]PGSVNLGR,Guy11,2,1,1,2.0775653093146705e-4
gi|145601729|ref|XP_363034.2|,KLS[+80]ASGS[+80]PGSVNLGR,Guy11,2,1,2,7.837693850908216e-5
gi|145601729|ref|XP_363034.2|,KLS[+80]ASGS[+80]PGSVNLGR,Guy11,2,2,1,6.295830819723463e-4
gi|145601729|ref|XP_363034.2|,KLS[+80]ASGS[+80]PGSVNLGR,Guy11,2,2,2,5.263547979255315e-4
gi|145601729|ref|XP_363034.2|,KLS[+80]ASGS[+80]PGSVNLGR,Guy11,2,3,1,NA
gi|145601729|ref|XP_363034.2|,KLS[+80]ASGS[+80]PGSVNLGR,Guy11,2,3,2,NA
gi|145601729|ref|XP_363034.2|,KLS[+80]ASGS[+80]PGSVNLGR,Guy11,4,1,1,0.0013662041944187628
gi|145601729|ref|XP_363034.2|,KLS[+80]ASGS[+80]PGSVNLGR,Guy11,4,1,2,0.0011316356301175944
gi|145601729|ref|XP_363034.2|,KLS[+80]ASGS[+80]PGSVNLGR,Guy11,4,2,1,6.393793889488932e-4
gi|145601729|ref|XP_363034.2|,KLS[+80]ASGS[+80]PGSVNLGR,Guy11,4,2,2,3.10900930623604e-4
gi|145601729|ref|XP_363034.2|,KLS[+80]ASGS[+80]PGSVNLGR,Guy11,4,3,1,7.396196649550709e-4
gi|145601729|ref|XP_363034.2|,KLS[+80]ASGS[+80]PGSVNLGR,Guy11,4,3,2,6.033080750375666e-4
gi|145601729|ref|XP_363034.2|,KLS[+80]ASGS[+80]PGSVNLGR,Guy11,6,1,1,9.174940316960762e-5
gi|145601729|ref|XP_363034.2|,KLS[+80]ASGS[+80]PGSVNLGR,Guy11,6,1,2,NA
gi|145601729|ref|XP_363034.2|,KLS[+80]ASGS[+80]PGSVNLGR,Guy11,6,2,1,1.267226123329643e-4
gi|145601729|ref|XP_363034.2|,KLS[+80]ASGS[+80]PGSVNLGR,Guy11,6,2,2,NA
gi|145601729|ref|XP_363034.2|,KLS[+80]ASGS[+80]PGSVNLGR,Guy11,6,3,1,1.0852914975312027e-4
gi|145601729|ref|XP_363034.2|,KLS[+80]ASGS[+80]PGSVNLGR,Guy11,6,3,2,8.990222704900061e-5
gi|145601729|ref|XP_363034.2|,KLS[+80]ASGS[+80]PGSVNLGR,dpmk1,0,1,1,5.243215936402298e-4
gi|145601729|ref|XP_363034.2|,KLS[+80]ASGS[+80]PGSVNLGR,dpmk1,0,1,2,2.8351778218657056e-4
gi|145601729|ref|XP_363034.2|,KLS[+80]ASGS[+80]PGSVNLGR,dpmk1,0,2,1,0.0011188030236860065
gi|145601729|ref|XP_363034.2|,KLS[+80]ASGS[+80]PGSVNLGR,dpmk1,0,2,2,0.0013397691608074704
gi|145601729|ref|XP_363034.2|,KLS[+80]ASGS[+80]PGSVNLGR,dpmk1,0,3,1,NA
gi|145601729|ref|XP_363034.2|,KLS[+80]ASGS[+80]PGSVNLGR,dpmk1,0,3,2,NA
gi|145601729|ref|XP_363034.2|,KLS[+80]ASGS[+80]PGSVNLGR,dpmk1,1,1,1,3.295988259264822e-4
gi|145601729|ref|XP_363034.2|,KLS[+80]ASGS[+80]PGSVNLGR,dpmk1,1,1,2,2.4157860634731776e-4
gi|145601729|ref|XP_363034.2|,KLS[+80]ASGS[+80]PGSVNLGR,dpmk1,1,2,1,2.9391062151179297e-4
gi|145601729|ref|XP_363034.2|,KLS[+80]ASGS[+80]PGSVNLGR,dpmk1,1,2,2,3.2219239052112966e-4
gi|145601729|ref|XP_363034.2|,KLS[+80]ASGS[+80]PGSVNLGR,dpmk1,1,3,1,2.4370583310438486e-4
gi|145601729|ref|XP_363034.2|,KLS[+80]ASGS[+80]PGSVNLGR,dpmk1,1,3,2,4.2635843839165224e-4
gi|145601729|ref|XP_363034.2|,KLS[+80]ASGS[+80]PGSVNLGR,dpmk1,1.5,1,1,3.1470349712453826e-4
gi|145601729|ref|XP_363034.2|,KLS[+80]ASGS[+80]PGSVNLGR,dpmk1,1.5,1,2,1.346959767677371e-4
gi|145601729|ref|XP_363034.2|,KLS[+80]ASGS[+80]PGSVNLGR,dpmk1,1.5,2,1,5.357397314346171e-4
gi|145601729|ref|XP_363034.2|,KLS[+80]ASGS[+80]PGSVNLGR,dpmk1,1.5,2,2,3.7537089440623037e-4
gi|145601729|ref|XP_363034.2|,KLS[+80]ASGS[+80]PGSVNLGR,dpmk1,1.5,3,1,NA
gi|145601729|ref|XP_363034.2|,KLS[+80]ASGS[+80]PGSVNLGR,dpmk1,1.5,3,2,NA
gi|145601729|ref|XP_363034.2|,KLS[+80]ASGS[+80]PGSVNLGR,dpmk1,2,1,1,1.9017601691228333e-4
gi|145601729|ref|XP_363034.2|,KLS[+80]ASGS[+80]PGSVNLGR,dpmk1,2,1,2,1.581137492207659e-4
gi|145601729|ref|XP_363034.2|,KLS[+80]ASGS[+80]PGSVNLGR,dpmk1,2,2,1,2.511315594064867e-4
gi|145601729|ref|XP_363034.2|,KLS[+80]ASGS[+80]PGSVNLGR,dpmk1,2,2,2,NA
gi|145601729|ref|XP_363034.2|,KLS[+80]ASGS[+80]PGSVNLGR,dpmk1,2,3,1,4.290710646903085e-4
gi|145601729|ref|XP_363034.2|,KLS[+80]ASGS[+80]PGSVNLGR,dpmk1,2,3,2,2.7558916939719806e-4
gi|145601729|ref|XP_363034.2|,KLS[+80]ASGS[+80]PGSVNLGR,dpmk1,4,1,1,3.868548155568723e-4
gi|145601729|ref|XP_363034.2|,KLS[+80]ASGS[+80]PGSVNLGR,dpmk1,4,1,2,1.4093299595609602e-4
gi|145601729|ref|XP_363034.2|,KLS[+80]ASGS[+80]PGSVNLGR,dpmk1,4,2,1,6.114208358951406e-4
gi|145601729|ref|XP_363034.2|,KLS[+80]ASGS[+80]PGSVNLGR,dpmk1,4,2,2,2.8314730830228326e-4
gi|145601729|ref|XP_363034.2|,KLS[+80]ASGS[+80]PGSVNLGR,dpmk1,4,3,1,2.630847113921185e-4
gi|145601729|ref|XP_363034.2|,KLS[+80]ASGS[+80]PGSVNLGR,dpmk1,4,3,2,NA
gi|145601729|ref|XP_363034.2|,KLS[+80]ASGS[+80]PGSVNLGR,dpmk1,6,1,1,1.286627541028258e-4
gi|145601729|ref|XP_363034.2|,KLS[+80]ASGS[+80]PGSVNLGR,dpmk1,6,1,2,NA
gi|145601729|ref|XP_363034.2|,KLS[+80]ASGS[+80]PGSVNLGR,dpmk1,6,2,1,1.0078039844816298e-4
gi|145601729|ref|XP_363034.2|,KLS[+80]ASGS[+80]PGSVNLGR,dpmk1,6,2,2,NA
gi|145601729|ref|XP_363034.2|,KLS[+80]ASGS[+80]PGSVNLGR,dpmk1,6,3,1,2.781841748341474e-4
gi|145601729|ref|XP_363034.2|,KLS[+80]ASGS[+80]PGSVNLGR,dpmk1,6,3,2,NA
gi|145602009|ref|XP_359520.2|,QTRT[+80]PS[+80]PASNGPAPLGVAEGPITPR,Guy11,0,1,1,0.00322286993707572
gi|145602009|ref|XP_359520.2|,QTRT[+80]PS[+80]PASNGPAPLGVAEGPITPR,Guy11,0,1,2,0.0025131132912103856
gi|145602009|ref|XP_359520.2|,QTRT[+80]PS[+80]PASNGPAPLGVAEGPITPR,Guy11,0,2,1,4.7084982182982725e-4
gi|145602009|ref|XP_359520.2|,QTRT[+80]PS[+80]PASNGPAPLGVAEGPITPR,Guy11,0,2,2,NA
gi|145602009|ref|XP_359520.2|,QTRT[+80]PS[+80]PASNGPAPLGVAEGPITPR,Guy11,0,3,1,0.003230460452433391
gi|145602009|ref|XP_359520.2|,QTRT[+80]PS[+80]PASNGPAPLGVAEGPITPR,Guy11,0,3,2,0.002186072449139963
gi|145602009|ref|XP_359520.2|,QTRT[+80]PS[+80]PASNGPAPLGVAEGPITPR,Guy11,1,1,1,0.0027164556907822296
gi|145602009|ref|XP_359520.2|,QTRT[+80]PS[+80]PASNGPAPLGVAEGPITPR,Guy11,1,1,2,4.995677588229338e-4
gi|145602009|ref|XP_359520.2|,QTRT[+80]PS[+80]PASNGPAPLGVAEGPITPR,Guy11,1,2,1,0.0023838400598157395
gi|145602009|ref|XP_359520.2|,QTRT[+80]PS[+80]PASNGPAPLGVAEGPITPR,Guy11,1,2,2,5.687138448993908e-4
gi|145602009|ref|XP_359520.2|,QTRT[+80]PS[+80]PASNGPAPLGVAEGPITPR,Guy11,1,3,1,0.002630056009905835
gi|145602009|ref|XP_359520.2|,QTRT[+80]PS[+80]PASNGPAPLGVAEGPITPR,Guy11,1,3,2,0.0013824660734004365
gi|145602009|ref|XP_359520.2|,QTRT[+80]PS[+80]PASNGPAPLGVAEGPITPR,Guy11,1.5,1,1,0.002818811088155613
gi|145602009|ref|XP_359520.2|,QTRT[+80]PS[+80]PASNGPAPLGVAEGPITPR,Guy11,1.5,1,2,0.0020345859238377383
gi|145602009|ref|XP_359520.2|,QTRT[+80]PS[+80]PASNGPAPLGVAEGPITPR,Guy11,1.5,2,1,0.0013551085989467373
gi|145602009|ref|XP_359520.2|,QTRT[+80]PS[+80]PASNGPAPLGVAEGPITPR,Guy11,1.5,2,2,1.438564729898944e-4
gi|145602009|ref|XP_359520.2|,QTRT[+80]PS[+80]PASNGPAPLGVAEGPITPR,Guy11,1.5,3,1,0.0012581909756997714
gi|145602009|ref|XP_359520.2|,QTRT[+80]PS[+80]PASNGPAPLGVAEGPITPR,Guy11,1.5,3,2,1.3701636652495628e-4
gi|145602009|ref|XP_359520.2|,QTRT[+80]PS[+80]PASNGPAPLGVAEGPITPR,Guy11,2,1,1,0.003227484684228633
gi|145602009|ref|XP_359520.2|,QTRT[+80]PS[+80]PASNGPAPLGVAEGPITPR,Guy11,2,1,2,0.0014303831141398529
gi|145602009|ref|XP_359520.2|,QTRT[+80]PS[+80]PASNGPAPLGVAEGPITPR,Guy11,2,2,1,0.00220086081163441
gi|145602009|ref|XP_359520.2|,QTRT[+80]PS[+80]PASNGPAPLGVAEGPITPR,Guy11,2,2,2,5.034537829890457e-4
gi|145602009|ref|XP_359520.2|,QTRT[+80]PS[+80]PASNGPAPLGVAEGPITPR,Guy11,2,3,1,4.0450939162201525e-4
gi|145602009|ref|XP_359520.2|,QTRT[+80]PS[+80]PASNGPAPLGVAEGPITPR,Guy11,2,3,2,1.3492858572130057e-4
gi|145602009|ref|XP_359520.2|,QTRT[+80]PS[+80]PASNGPAPLGVAEGPITPR,Guy11,4,1,1,0.003102347990317672
gi|145602009|ref|XP_359520.2|,QTRT[+80]PS[+80]PASNGPAPLGVAEGPITPR,Guy11,4,1,2,5.826452479997222e-4
gi|145602009|ref|XP_359520.2|,QTRT[+80]PS[+80]PASNGPAPLGVAEGPITPR,Guy11,4,2,1,0.0015542463435130746
gi|145602009|ref|XP_359520.2|,QTRT[+80]PS[+80]PASNGPAPLGVAEGPITPR,Guy11,4,2,2,1.8299550654492062e-4
gi|145602009|ref|XP_359520.2|,QTRT[+80]PS[+80]PASNGPAPLGVAEGPITPR,Guy11,4,3,1,9.260232104217077e-4
gi|145602009|ref|XP_359520.2|,QTRT[+80]PS[+80]PASNGPAPLGVAEGPITPR,Guy11,4,3,2,1.7479822247946065e-4
gi|145602009|ref|XP_359520.2|,QTRT[+80]PS[+80]PASNGPAPLGVAEGPITPR,Guy11,6,1,1,0.0027260119313748344
gi|145602009|ref|XP_359520.2|,QTRT[+80]PS[+80]PASNGPAPLGVAEGPITPR,Guy11,6,1,2,0.0025553432560527444
gi|145602009|ref|XP_359520.2|,QTRT[+80]PS[+80]PASNGPAPLGVAEGPITPR,Guy11,6,2,1,0.0038732184757256957
gi|145602009|ref|XP_359520.2|,QTRT[+80]PS[+80]PASNGPAPLGVAEGPITPR,Guy11,6,2,2,0.0033721783423499335
gi|145602009|ref|XP_359520.2|,QTRT[+80]PS[+80]PASNGPAPLGVAEGPITPR,Guy11,6,3,1,0.003219915554400375
gi|145602009|ref|XP_359520.2|,QTRT[+80]PS[+80]PASNGPAPLGVAEGPITPR,Guy11,6,3,2,0.0032475278753769793
gi|145602009|ref|XP_359520.2|,QTRT[+80]PS[+80]PASNGPAPLGVAEGPITPR,dpmk1,0,1,1,0.0025961915237139566
gi|145602009|ref|XP_359520.2|,QTRT[+80]PS[+80]PASNGPAPLGVAEGPITPR,dpmk1,0,1,2,0.0018478775131002818
gi|145602009|ref|XP_359520.2|,QTRT[+80]PS[+80]PASNGPAPLGVAEGPITPR,dpmk1,0,2,1,0.003835343593967128
gi|145602009|ref|XP_359520.2|,QTRT[+80]PS[+80]PASNGPAPLGVAEGPITPR,dpmk1,0,2,2,0.00223518574652291
gi|145602009|ref|XP_359520.2|,QTRT[+80]PS[+80]PASNGPAPLGVAEGPITPR,dpmk1,0,3,1,3.4566105036609214e-4
gi|145602009|ref|XP_359520.2|,QTRT[+80]PS[+80]PASNGPAPLGVAEGPITPR,dpmk1,0,3,2,1.3790489850287223e-4
gi|145602009|ref|XP_359520.2|,QTRT[+80]PS[+80]PASNGPAPLGVAEGPITPR,dpmk1,1,1,1,0.001211876487056931
gi|145602009|ref|XP_359520.2|,QTRT[+80]PS[+80]PASNGPAPLGVAEGPITPR,dpmk1,1,1,2,NA
gi|145602009|ref|XP_359520.2|,QTRT[+80]PS[+80]PASNGPAPLGVAEGPITPR,dpmk1,1,2,1,0.0016749083577330271
gi|145602009|ref|XP_359520.2|,QTRT[+80]PS[+80]PASNGPAPLGVAEGPITPR,dpmk1,1,2,2,7.715467679228786e-5
gi|145602009|ref|XP_359520.2|,QTRT[+80]PS[+80]PASNGPAPLGVAEGPITPR,dpmk1,1,3,1,0.0018718274188999691
gi|145602009|ref|XP_359520.2|,QTRT[+80]PS[+80]PASNGPAPLGVAEGPITPR,dpmk1,1,3,2,9.011467444615571e-4
gi|145602009|ref|XP_359520.2|,QTRT[+80]PS[+80]PASNGPAPLGVAEGPITPR,dpmk1,1.5,1,1,0.001138322672058488
gi|145602009|ref|XP_359520.2|,QTRT[+80]PS[+80]PASNGPAPLGVAEGPITPR,dpmk1,1.5,1,2,1.9178523554152883e-4
gi|145602009|ref|XP_359520.2|,QTRT[+80]PS[+80]PASNGPAPLGVAEGPITPR,dpmk1,1.5,2,1,0.001772680728532213
gi|145602009|ref|XP_359520.2|,QTRT[+80]PS[+80]PASNGPAPLGVAEGPITPR,dpmk1,1.5,2,2,4.892501650279704e-4
gi|145602009|ref|XP_359520.2|,QTRT[+80]PS[+80]PASNGPAPLGVAEGPITPR,dpmk1,1.5,3,1,1.953994834449812e-4
gi|145602009|ref|XP_359520.2|,QTRT[+80]PS[+80]PASNGPAPLGVAEGPITPR,dpmk1,1.5,3,2,NA
gi|145602009|ref|XP_359520.2|,QTRT[+80]PS[+80]PASNGPAPLGVAEGPITPR,dpmk1,2,1,1,0.0017800997006119118
gi|145602009|ref|XP_359520.2|,QTRT[+80]PS[+80]PASNGPAPLGVAEGPITPR,dpmk1,2,1,2,4.1130426622143463e-4
gi|145602009|ref|XP_359520.2|,QTRT[+80]PS[+80]PASNGPAPLGVAEGPITPR,dpmk1,2,2,1,0.0012302161492277885
gi|145602009|ref|XP_359520.2|,QTRT[+80]PS[+80]PASNGPAPLGVAEGPITPR,dpmk1,2,2,2,NA
gi|145602009|ref|XP_359520.2|,QTRT[+80]PS[+80]PASNGPAPLGVAEGPITPR,dpmk1,2,3,1,0.002403192091130674
gi|145602009|ref|XP_359520.2|,QTRT[+80]PS[+80]PASNGPAPLGVAEGPITPR,dpmk1,2,3,2,0.001020083997508392
gi|145602009|ref|XP_359520.2|,QTRT[+80]PS[+80]PASNGPAPLGVAEGPITPR,dpmk1,4,1,1,0.001164854520479746
gi|145602009|ref|XP_359520.2|,QTRT[+80]PS[+80]PASNGPAPLGVAEGPITPR,dpmk1,4,1,2,NA
gi|145602009|ref|XP_359520.2|,QTRT[+80]PS[+80]PASNGPAPLGVAEGPITPR,dpmk1,4,2,1,0.0015000968931571307
gi|145602009|ref|XP_359520.2|,QTRT[+80]PS[+80]PASNGPAPLGVAEGPITPR,dpmk1,4,2,2,4.1825332887281103e-4
gi|145602009|ref|XP_359520.2|,QTRT[+80]PS[+80]PASNGPAPLGVAEGPITPR,dpmk1,4,3,1,8.175469949963342e-4
gi|145602009|ref|XP_359520.2|,QTRT[+80]PS[+80]PASNGPAPLGVAEGPITPR,dpmk1,4,3,2,NA
gi|145602009|ref|XP_359520.2|,QTRT[+80]PS[+80]PASNGPAPLGVAEGPITPR,dpmk1,6,1,1,4.87411217743619e-4
gi|145602009|ref|XP_359520.2|,QTRT[+80]PS[+80]PASNGPAPLGVAEGPITPR,dpmk1,6,1,2,NA
gi|145602009|ref|XP_359520.2|,QTRT[+80]PS[+80]PASNGPAPLGVAEGPITPR,dpmk1,6,2,1,1.1000465509783131e-4
gi|145602009|ref|XP_359520.2|,QTRT[+80]PS[+80]PASNGPAPLGVAEGPITPR,dpmk1,6,2,2,NA
gi|145602009|ref|XP_359520.2|,QTRT[+80]PS[+80]PASNGPAPLGVAEGPITPR,dpmk1,6,3,1,1.9952095583974962e-4
gi|145602009|ref|XP_359520.2|,QTRT[+80]PS[+80]PASNGPAPLGVAEGPITPR,dpmk1,6,3,2,NA
gi|145602328|ref|XP_001403655.1|,AAEEDVTTT[+80]PR,Guy11,0,1,1,NA
gi|145602328|ref|XP_001403655.1|,AAEEDVTTT[+80]PR,Guy11,0,1,2,NA
gi|145602328|ref|XP_001403655.1|,AAEEDVTTT[+80]PR,Guy11,0,2,1,NA
gi|145602328|ref|XP_001403655.1|,AAEEDVTTT[+80]PR,Guy11,0,2,2,NA
gi|145602328|ref|XP_001403655.1|,AAEEDVTTT[+80]PR,Guy11,0,3,1,NA
gi|145602328|ref|XP_001403655.1|,AAEEDVTTT[+80]PR,Guy11,0,3,2,NA
gi|145602328|ref|XP_001403655.1|,AAEEDVTTT[+80]PR,Guy11,1,1,1,NA
gi|145602328|ref|XP_001403655.1|,AAEEDVTTT[+80]PR,Guy11,1,1,2,NA
gi|145602328|ref|XP_001403655.1|,AAEEDVTTT[+80]PR,Guy11,1,2,1,NA
gi|145602328|ref|XP_001403655.1|,AAEEDVTTT[+80]PR,Guy11,1,2,2,NA
gi|145602328|ref|XP_001403655.1|,AAEEDVTTT[+80]PR,Guy11,1,3,1,NA
gi|145602328|ref|XP_001403655.1|,AAEEDVTTT[+80]PR,Guy11,1,3,2,NA
gi|145602328|ref|XP_001403655.1|,AAEEDVTTT[+80]PR,Guy11,1.5,1,1,NA
gi|145602328|ref|XP_001403655.1|,AAEEDVTTT[+80]PR,Guy11,1.5,1,2,NA
gi|145602328|ref|XP_001403655.1|,AAEEDVTTT[+80]PR,Guy11,1.5,2,1,NA
gi|145602328|ref|XP_001403655.1|,AAEEDVTTT[+80]PR,Guy11,1.5,2,2,NA
gi|145602328|ref|XP_001403655.1|,AAEEDVTTT[+80]PR,Guy11,1.5,3,1,NA
gi|145602328|ref|XP_001403655.1|,AAEEDVTTT[+80]PR,Guy11,1.5,3,2,NA
gi|145602328|ref|XP_001403655.1|,AAEEDVTTT[+80]PR,Guy11,2,1,1,NA
gi|145602328|ref|XP_001403655.1|,AAEEDVTTT[+80]PR,Guy11,2,1,2,NA
gi|145602328|ref|XP_001403655.1|,AAEEDVTTT[+80]PR,Guy11,2,2,1,NA
gi|145602328|ref|XP_001403655.1|,AAEEDVTTT[+80]PR,Guy11,2,2,2,NA
gi|145602328|ref|XP_001403655.1|,AAEEDVTTT[+80]PR,Guy11,2,3,1,NA
gi|145602328|ref|XP_001403655.1|,AAEEDVTTT[+80]PR,Guy11,2,3,2,NA
gi|145602328|ref|XP_001403655.1|,AAEEDVTTT[+80]PR,Guy11,4,1,1,NA
gi|145602328|ref|XP_001403655.1|,AAEEDVTTT[+80]PR,Guy11,4,1,2,NA
gi|145602328|ref|XP_001403655.1|,AAEEDVTTT[+80]PR,Guy11,4,2,1,1.6087268029842442e-4
gi|145602328|ref|XP_001403655.1|,AAEEDVTTT[+80]PR,Guy11,4,2,2,6.0419714304726545e-05
gi|145602328|ref|XP_001403655.1|,AAEEDVTTT[+80]PR,Guy11,4,3,1,3.87675933389526e-5
gi|145602328|ref|XP_001403655.1|,AAEEDVTTT[+80]PR,Guy11,4,3,2,1.1116370939784604e-4
gi|145602328|ref|XP_001403655.1|,AAEEDVTTT[+80]PR,Guy11,6,1,1,3.754402402749847e-4
gi|145602328|ref|XP_001403655.1|,AAEEDVTTT[+80]PR,Guy11,6,1,2,5.247189416886351e-4
gi|145602328|ref|XP_001403655.1|,AAEEDVTTT[+80]PR,Guy11,6,2,1,7.921671454220614e-4
gi|145602328|ref|XP_001403655.1|,AAEEDVTTT[+80]PR,Guy11,6,2,2,5.013508101672047e-4
gi|145602328|ref|XP_001403655.1|,AAEEDVTTT[+80]PR,Guy11,6,3,1,5.533220668340246e-4
gi|145602328|ref|XP_001403655.1|,AAEEDVTTT[+80]PR,Guy11,6,3,2,2.2914524134950198e-4
gi|145602328|ref|XP_001403655.1|,AAEEDVTTT[+80]PR,dpmk1,0,1,1,NA
gi|145602328|ref|XP_001403655.1|,AAEEDVTTT[+80]PR,dpmk1,0,1,2,NA
gi|145602328|ref|XP_001403655.1|,AAEEDVTTT[+80]PR,dpmk1,0,2,1,NA
gi|145602328|ref|XP_001403655.1|,AAEEDVTTT[+80]PR,dpmk1,0,2,2,NA
gi|145602328|ref|XP_001403655.1|,AAEEDVTTT[+80]PR,dpmk1,0,3,1,NA
gi|145602328|ref|XP_001403655.1|,AAEEDVTTT[+80]PR,dpmk1,0,3,2,NA
gi|145602328|ref|XP_001403655.1|,AAEEDVTTT[+80]PR,dpmk1,1,1,1,NA
gi|145602328|ref|XP_001403655.1|,AAEEDVTTT[+80]PR,dpmk1,1,1,2,NA
gi|145602328|ref|XP_001403655.1|,AAEEDVTTT[+80]PR,dpmk1,1,2,1,NA
gi|145602328|ref|XP_001403655.1|,AAEEDVTTT[+80]PR,dpmk1,1,2,2,NA
gi|145602328|ref|XP_001403655.1|,AAEEDVTTT[+80]PR,dpmk1,1,3,1,NA
gi|145602328|ref|XP_001403655.1|,AAEEDVTTT[+80]PR,dpmk1,1,3,2,NA
gi|145602328|ref|XP_001403655.1|,AAEEDVTTT[+80]PR,dpmk1,1.5,1,1,NA
gi|145602328|ref|XP_001403655.1|,AAEEDVTTT[+80]PR,dpmk1,1.5,1,2,NA
gi|145602328|ref|XP_001403655.1|,AAEEDVTTT[+80]PR,dpmk1,1.5,2,1,NA
gi|145602328|ref|XP_001403655.1|,AAEEDVTTT[+80]PR,dpmk1,1.5,2,2,NA
gi|145602328|ref|XP_001403655.1|,AAEEDVTTT[+80]PR,dpmk1,1.5,3,1,NA
gi|145602328|ref|XP_001403655.1|,AAEEDVTTT[+80]PR,dpmk1,1.5,3,2,NA
gi|145602328|ref|XP_001403655.1|,AAEEDVTTT[+80]PR,dpmk1,2,1,1,2.0526579545079377e-4
gi|145602328|ref|XP_001403655.1|,AAEEDVTTT[+80]PR,dpmk1,2,1,2,2.987327365554579e-4
gi|145602328|ref|XP_001403655.1|,AAEEDVTTT[+80]PR,dpmk1,2,2,1,NA
gi|145602328|ref|XP_001403655.1|,AAEEDVTTT[+80]PR,dpmk1,2,2,2,NA
gi|145602328|ref|XP_001403655.1|,AAEEDVTTT[+80]PR,dpmk1,2,3,1,3.181008807083491e-5
gi|145602328|ref|XP_001403655.1|,AAEEDVTTT[+80]PR,dpmk1,2,3,2,NA
gi|145602328|ref|XP_001403655.1|,AAEEDVTTT[+80]PR,dpmk1,4,1,1,1.7456630319891175e-4
gi|145602328|ref|XP_001403655.1|,AAEEDVTTT[+80]PR,dpmk1,4,1,2,2.1288928920997662e-4
gi|145602328|ref|XP_001403655.1|,AAEEDVTTT[+80]PR,dpmk1,4,2,1,2.6278379928765754e-4
gi|145602328|ref|XP_001403655.1|,AAEEDVTTT[+80]PR,dpmk1,4,2,2,4.702434813860333e-4
gi|145602328|ref|XP_001403655.1|,AAEEDVTTT[+80]PR,dpmk1,4,3,1,1.759910190490848e-4
gi|145602328|ref|XP_001403655.1|,AAEEDVTTT[+80]PR,dpmk1,4,3,2,3.532863741593222e-4
gi|145602328|ref|XP_001403655.1|,AAEEDVTTT[+80]PR,dpmk1,6,1,1,NA
gi|145602328|ref|XP_001403655.1|,AAEEDVTTT[+80]PR,dpmk1,6,1,2,1.2805640097101784e-4
gi|145602328|ref|XP_001403655.1|,AAEEDVTTT[+80]PR,dpmk1,6,2,1,NA
gi|145602328|ref|XP_001403655.1|,AAEEDVTTT[+80]PR,dpmk1,6,2,2,NA
gi|145602328|ref|XP_001403655.1|,AAEEDVTTT[+80]PR,dpmk1,6,3,1,NA
gi|145602328|ref|XP_001403655.1|,AAEEDVTTT[+80]PR,dpmk1,6,3,2,NA
gi|39976863|ref|XP_369819.1|,SNDNSGQNPLS[+80]PGM[+16]ISPNVVM[+16]VDEHGR,Guy11,0,1,1,7.100967863574173e-4
gi|39976863|ref|XP_369819.1|,SNDNSGQNPLS[+80]PGM[+16]ISPNVVM[+16]VDEHGR,Guy11,0,1,2,2.8268204075422527e-4
gi|39976863|ref|XP_369819.1|,SNDNSGQNPLS[+80]PGM[+16]ISPNVVM[+16]VDEHGR,Guy11,0,2,1,1.1152488207473064e-4
gi|39976863|ref|XP_369819.1|,SNDNSGQNPLS[+80]PGM[+16]ISPNVVM[+16]VDEHGR,Guy11,0,2,2,NA
gi|39976863|ref|XP_369819.1|,SNDNSGQNPLS[+80]PGM[+16]ISPNVVM[+16]VDEHGR,Guy11,0,3,1,0.0017004455805948177
gi|39976863|ref|XP_369819.1|,SNDNSGQNPLS[+80]PGM[+16]ISPNVVM[+16]VDEHGR,Guy11,0,3,2,0.001869132775514306
gi|39976863|ref|XP_369819.1|,SNDNSGQNPLS[+80]PGM[+16]ISPNVVM[+16]VDEHGR,Guy11,1,1,1,0.0026166938438071555
gi|39976863|ref|XP_369819.1|,SNDNSGQNPLS[+80]PGM[+16]ISPNVVM[+16]VDEHGR,Guy11,1,1,2,0.001952314795412833
gi|39976863|ref|XP_369819.1|,SNDNSGQNPLS[+80]PGM[+16]ISPNVVM[+16]VDEHGR,Guy11,1,2,1,8.455743172516372e-4
gi|39976863|ref|XP_369819.1|,SNDNSGQNPLS[+80]PGM[+16]ISPNVVM[+16]VDEHGR,Guy11,1,2,2,4.0804476601949185e-4
gi|39976863|ref|XP_369819.1|,SNDNSGQNPLS[+80]PGM[+16]ISPNVVM[+16]VDEHGR,Guy11,1,3,1,0.0026139088101166494
gi|39976863|ref|XP_369819.1|,SNDNSGQNPLS[+80]PGM[+16]ISPNVVM[+16]VDEHGR,Guy11,1,3,2,0.0028951567977648163
gi|39976863|ref|XP_369819.1|,SNDNSGQNPLS[+80]PGM[+16]ISPNVVM[+16]VDEHGR,Guy11,1.5,1,1,0.005997062448415628
gi|39976863|ref|XP_369819.1|,SNDNSGQNPLS[+80]PGM[+16]ISPNVVM[+16]VDEHGR,Guy11,1.5,1,2,0.004398515809263486
gi|39976863|ref|XP_369819.1|,SNDNSGQNPLS[+80]PGM[+16]ISPNVVM[+16]VDEHGR,Guy11,1.5,2,1,0.001683637838717399
gi|39976863|ref|XP_369819.1|,SNDNSGQNPLS[+80]PGM[+16]ISPNVVM[+16]VDEHGR,Guy11,1.5,2,2,0.001369079111147904
gi|39976863|ref|XP_369819.1|,SNDNSGQNPLS[+80]PGM[+16]ISPNVVM[+16]VDEHGR,Guy11,1.5,3,1,0.0029560446176372756
gi|39976863|ref|XP_369819.1|,SNDNSGQNPLS[+80]PGM[+16]ISPNVVM[+16]VDEHGR,Guy11,1.5,3,2,0.0012970704624743208
gi|39976863|ref|XP_369819.1|,SNDNSGQNPLS[+80]PGM[+16]ISPNVVM[+16]VDEHGR,Guy11,2,1,1,0.0015838078427688727
gi|39976863|ref|XP_369819.1|,SNDNSGQNPLS[+80]PGM[+16]ISPNVVM[+16]VDEHGR,Guy11,2,1,2,9.835492567672674e-4
gi|39976863|ref|XP_369819.1|,SNDNSGQNPLS[+80]PGM[+16]ISPNVVM[+16]VDEHGR,Guy11,2,2,1,0.006158785328724783
gi|39976863|ref|XP_369819.1|,SNDNSGQNPLS[+80]PGM[+16]ISPNVVM[+16]VDEHGR,Guy11,2,2,2,0.005274704162101553
gi|39976863|ref|XP_369819.1|,SNDNSGQNPLS[+80]PGM[+16]ISPNVVM[+16]VDEHGR,Guy11,2,3,1,0.0024237989976189827
gi|39976863|ref|XP_369819.1|,SNDNSGQNPLS[+80]PGM[+16]ISPNVVM[+16]VDEHGR,Guy11,2,3,2,0.003911619142002286
gi|39976863|ref|XP_369819.1|,SNDNSGQNPLS[+80]PGM[+16]ISPNVVM[+16]VDEHGR,Guy11,4,1,1,0.006398864589707767
gi|39976863|ref|XP_369819.1|,SNDNSGQNPLS[+80]PGM[+16]ISPNVVM[+16]VDEHGR,Guy11,4,1,2,0.004307692568520136
gi|39976863|ref|XP_369819.1|,SNDNSGQNPLS[+80]PGM[+16]ISPNVVM[+16]VDEHGR,Guy11,4,2,1,0.0056459418465286655
gi|39976863|ref|XP_369819.1|,SNDNSGQNPLS[+80]PGM[+16]ISPNVVM[+16]VDEHGR,Guy11,4,2,2,0.003816588965853119
gi|39976863|ref|XP_369819.1|,SNDNSGQNPLS[+80]PGM[+16]ISPNVVM[+16]VDEHGR,Guy11,4,3,1,0.004256372413240495
gi|39976863|ref|XP_369819.1|,SNDNSGQNPLS[+80]PGM[+16]ISPNVVM[+16]VDEHGR,Guy11,4,3,2,0.002977896870880089
gi|39976863|ref|XP_369819.1|,SNDNSGQNPLS[+80]PGM[+16]ISPNVVM[+16]VDEHGR,Guy11,6,1,1,0.005333973522670182
gi|39976863|ref|XP_369819.1|,SNDNSGQNPLS[+80]PGM[+16]ISPNVVM[+16]VDEHGR,Guy11,6,1,2,0.006817583832313307
gi|39976863|ref|XP_369819.1|,SNDNSGQNPLS[+80]PGM[+16]ISPNVVM[+16]VDEHGR,Guy11,6,2,1,0.0071134760933345455
gi|39976863|ref|XP_369819.1|,SNDNSGQNPLS[+80]PGM[+16]ISPNVVM[+16]VDEHGR,Guy11,6,2,2,0.010385891256370105
gi|39976863|ref|XP_369819.1|,SNDNSGQNPLS[+80]PGM[+16]ISPNVVM[+16]VDEHGR,Guy11,6,3,1,0.00517682907048526
gi|39976863|ref|XP_369819.1|,SNDNSGQNPLS[+80]PGM[+16]ISPNVVM[+16]VDEHGR,Guy11,6,3,2,0.007426865478311655
gi|39976863|ref|XP_369819.1|,SNDNSGQNPLS[+80]PGM[+16]ISPNVVM[+16]VDEHGR,dpmk1,0,1,1,5.394566391247522e-4
gi|39976863|ref|XP_369819.1|,SNDNSGQNPLS[+80]PGM[+16]ISPNVVM[+16]VDEHGR,dpmk1,0,1,2,5.786273887986823e-4
gi|39976863|ref|XP_369819.1|,SNDNSGQNPLS[+80]PGM[+16]ISPNVVM[+16]VDEHGR,dpmk1,0,2,1,6.610398736221794e-4
gi|39976863|ref|XP_369819.1|,SNDNSGQNPLS[+80]PGM[+16]ISPNVVM[+16]VDEHGR,dpmk1,0,2,2,4.1308808552700436e-4
gi|39976863|ref|XP_369819.1|,SNDNSGQNPLS[+80]PGM[+16]ISPNVVM[+16]VDEHGR,dpmk1,0,3,1,5.5946581039621225e-5
gi|39976863|ref|XP_369819.1|,SNDNSGQNPLS[+80]PGM[+16]ISPNVVM[+16]VDEHGR,dpmk1,0,3,2,1.3676781034265974e-4
gi|39976863|ref|XP_369819.1|,SNDNSGQNPLS[+80]PGM[+16]ISPNVVM[+16]VDEHGR,dpmk1,1,1,1,4.0845081938391606e-4
gi|39976863|ref|XP_369819.1|,SNDNSGQNPLS[+80]PGM[+16]ISPNVVM[+16]VDEHGR,dpmk1,1,1,2,NA
gi|39976863|ref|XP_369819.1|,SNDNSGQNPLS[+80]PGM[+16]ISPNVVM[+16]VDEHGR,dpmk1,1,2,1,8.629221623370664e-4
gi|39976863|ref|XP_369819.1|,SNDNSGQNPLS[+80]PGM[+16]ISPNVVM[+16]VDEHGR,dpmk1,1,2,2,4.3018831125147557e-4
gi|39976863|ref|XP_369819.1|,SNDNSGQNPLS[+80]PGM[+16]ISPNVVM[+16]VDEHGR,dpmk1,1,3,1,6.265865419236164e-4
gi|39976863|ref|XP_369819.1|,SNDNSGQNPLS[+80]PGM[+16]ISPNVVM[+16]VDEHGR,dpmk1,1,3,2,1.8018631750745998e-4
gi|39976863|ref|XP_369819.1|,SNDNSGQNPLS[+80]PGM[+16]ISPNVVM[+16]VDEHGR,dpmk1,1.5,1,1,1.6826604636750844e-4
gi|39976863|ref|XP_369819.1|,SNDNSGQNPLS[+80]PGM[+16]ISPNVVM[+16]VDEHGR,dpmk1,1.5,1,2,1.1658574805056867e-4
gi|39976863|ref|XP_369819.1|,SNDNSGQNPLS[+80]PGM[+16]ISPNVVM[+16]VDEHGR,dpmk1,1.5,2,1,6.564806039368205e-4
gi|39976863|ref|XP_369819.1|,SNDNSGQNPLS[+80]PGM[+16]ISPNVVM[+16]VDEHGR,dpmk1,1.5,2,2,4.3599128073988874e-4
gi|39976863|ref|XP_369819.1|,SNDNSGQNPLS[+80]PGM[+16]ISPNVVM[+16]VDEHGR,dpmk1,1.5,3,1,7.99851283343439e-5
gi|39976863|ref|XP_369819.1|,SNDNSGQNPLS[+80]PGM[+16]ISPNVVM[+16]VDEHGR,dpmk1,1.5,3,2,NA
gi|39976863|ref|XP_369819.1|,SNDNSGQNPLS[+80]PGM[+16]ISPNVVM[+16]VDEHGR,dpmk1,2,1,1,4.709271512068198e-4
gi|39976863|ref|XP_369819.1|,SNDNSGQNPLS[+80]PGM[+16]ISPNVVM[+16]VDEHGR,dpmk1,2,1,2,1.6132649479262836e-4
gi|39976863|ref|XP_369819.1|,SNDNSGQNPLS[+80]PGM[+16]ISPNVVM[+16]VDEHGR,dpmk1,2,2,1,0.0013507547798032253
gi|39976863|ref|XP_369819.1|,SNDNSGQNPLS[+80]PGM[+16]ISPNVVM[+16]VDEHGR,dpmk1,2,2,2,7.812494701524425e-4
gi|39976863|ref|XP_369819.1|,SNDNSGQNPLS[+80]PGM[+16]ISPNVVM[+16]VDEHGR,dpmk1,2,3,1,0.0011263236567989141
gi|39976863|ref|XP_369819.1|,SNDNSGQNPLS[+80]PGM[+16]ISPNVVM[+16]VDEHGR,dpmk1,2,3,2,6.147471410581499e-4
gi|39976863|ref|XP_369819.1|,SNDNSGQNPLS[+80]PGM[+16]ISPNVVM[+16]VDEHGR,dpmk1,4,1,1,5.423216258047329e-4
gi|39976863|ref|XP_369819.1|,SNDNSGQNPLS[+80]PGM[+16]ISPNVVM[+16]VDEHGR,dpmk1,4,1,2,9.875623684220947e-5
gi|39976863|ref|XP_369819.1|,SNDNSGQNPLS[+80]PGM[+16]ISPNVVM[+16]VDEHGR,dpmk1,4,2,1,9.838169051810453e-4
gi|39976863|ref|XP_369819.1|,SNDNSGQNPLS[+80]PGM[+16]ISPNVVM[+16]VDEHGR,dpmk1,4,2,2,5.872677225162532e-4
gi|39976863|ref|XP_369819.1|,SNDNSGQNPLS[+80]PGM[+16]ISPNVVM[+16]VDEHGR,dpmk1,4,3,1,3.545508209878121e-4
gi|39976863|ref|XP_369819.1|,SNDNSGQNPLS[+80]PGM[+16]ISPNVVM[+16]VDEHGR,dpmk1,4,3,2,6.639942260671275e-5
gi|39976863|ref|XP_369819.1|,SNDNSGQNPLS[+80]PGM[+16]ISPNVVM[+16]VDEHGR,dpmk1,6,1,1,7.27125358690317e-4
gi|39976863|ref|XP_369819.1|,SNDNSGQNPLS[+80]PGM[+16]ISPNVVM[+16]VDEHGR,dpmk1,6,1,2,3.39522842995612e-4
gi|39976863|ref|XP_369819.1|,SNDNSGQNPLS[+80]PGM[+16]ISPNVVM[+16]VDEHGR,dpmk1,6,2,1,9.554725965999233e-5
gi|39976863|ref|XP_369819.1|,SNDNSGQNPLS[+80]PGM[+16]ISPNVVM[+16]VDEHGR,dpmk1,6,2,2,NA
gi|39976863|ref|XP_369819.1|,SNDNSGQNPLS[+80]PGM[+16]ISPNVVM[+16]VDEHGR,dpmk1,6,3,1,1.1480938776122216e-4
gi|39976863|ref|XP_369819.1|,SNDNSGQNPLS[+80]PGM[+16]ISPNVVM[+16]VDEHGR,dpmk1,6,3,2,NA
MGG_12865T0,RLS[+80]FGDDQEER,Guy11,0,1,1,NA
MGG_12865T0,RLS[+80]FGDDQEER,Guy11,0,1,2,NA
MGG_12865T0,RLS[+80]FGDDQEER,Guy11,0,2,1,NA
MGG_12865T0,RLS[+80]FGDDQEER,Guy11,0,2,2,NA
MGG_12865T0,RLS[+80]FGDDQEER,Guy11,0,3,1,NA
MGG_12865T0,RLS[+80]FGDDQEER,Guy11,0,3,2,NA
MGG_12865T0,RLS[+80]FGDDQEER,Guy11,1,1,1,NA
MGG_12865T0,RLS[+80]FGDDQEER,Guy11,1,1,2,0.001396914016981722
MGG_12865T0,RLS[+80]FGDDQEER,Guy11,1,2,1,NA
MGG_12865T0,RLS[+80]FGDDQEER,Guy11,1,2,2,2.917352955458821e-4
MGG_12865T0,RLS[+80]FGDDQEER,Guy11,1,3,1,NA
MGG_12865T0,RLS[+80]FGDDQEER,Guy11,1,3,2,7.842194375506741e-4
MGG_12865T0,RLS[+80]FGDDQEER,Guy11,1.5,1,1,NA
MGG_12865T0,RLS[+80]FGDDQEER,Guy11,1.5,1,2,0.0032177348407707498
MGG_12865T0,RLS[+80]FGDDQEER,Guy11,1.5,2,1,NA
MGG_12865T0,RLS[+80]FGDDQEER,Guy11,1.5,2,2,5.268756686767753e-4
MGG_12865T0,RLS[+80]FGDDQEER,Guy11,1.5,3,1,NA
MGG_12865T0,RLS[+80]FGDDQEER,Guy11,1.5,3,2,0.0018648115537700984
MGG_12865T0,RLS[+80]FGDDQEER,Guy11,2,1,1,NA
MGG_12865T0,RLS[+80]FGDDQEER,Guy11,2,1,2,0.0010746293610865154
MGG_12865T0,RLS[+80]FGDDQEER,Guy11,2,2,1,NA
MGG_12865T0,RLS[+80]FGDDQEER,Guy11,2,2,2,0.008066127504738044
MGG_12865T0,RLS[+80]FGDDQEER,Guy11,2,3,1,NA
MGG_12865T0,RLS[+80]FGDDQEER,Guy11,2,3,2,0.007864473929954171
MGG_12865T0,RLS[+80]FGDDQEER,Guy11,4,1,1,NA
MGG_12865T0,RLS[+80]FGDDQEER,Guy11,4,1,2,0.006379873794486252
MGG_12865T0,RLS[+80]FGDDQEER,Guy11,4,2,1,NA
MGG_12865T0,RLS[+80]FGDDQEER,Guy11,4,2,2,0.008893215403208296
MGG_12865T0,RLS[+80]FGDDQEER,Guy11,4,3,1,NA
MGG_12865T0,RLS[+80]FGDDQEER,Guy11,4,3,2,0.007992007253924585
MGG_12865T0,RLS[+80]FGDDQEER,Guy11,6,1,1,NA
MGG_12865T0,RLS[+80]FGDDQEER,Guy11,6,1,2,0.01076352588673876
MGG_12865T0,RLS[+80]FGDDQEER,Guy11,6,2,1,NA
MGG_12865T0,RLS[+80]FGDDQEER,Guy11,6,2,2,0.014236811859681855
MGG_12865T0,RLS[+80]FGDDQEER,Guy11,6,3,1,NA
MGG_12865T0,RLS[+80]FGDDQEER,Guy11,6,3,2,0.009984559834772932
MGG_12865T0,RLS[+80]FGDDQEER,dpmk1,0,1,1,NA
MGG_12865T0,RLS[+80]FGDDQEER,dpmk1,0,1,2,1.298510885975124e-4
MGG_12865T0,RLS[+80]FGDDQEER,dpmk1,0,2,1,NA
MGG_12865T0,RLS[+80]FGDDQEER,dpmk1,0,2,2,NA
MGG_12865T0,RLS[+80]FGDDQEER,dpmk1,0,3,1,NA
MGG_12865T0,RLS[+80]FGDDQEER,dpmk1,0,3,2,NA
MGG_12865T0,RLS[+80]FGDDQEER,dpmk1,1,1,1,NA
MGG_12865T0,RLS[+80]FGDDQEER,dpmk1,1,1,2,9.290811296254393e-4
MGG_12865T0,RLS[+80]FGDDQEER,dpmk1,1,2,1,NA
MGG_12865T0,RLS[+80]FGDDQEER,dpmk1,1,2,2,9.232904027904345e-4
MGG_12865T0,RLS[+80]FGDDQEER,dpmk1,1,3,1,NA
MGG_12865T0,RLS[+80]FGDDQEER,dpmk1,1,3,2,2.259951826538523e-4
MGG_12865T0,RLS[+80]FGDDQEER,dpmk1,1.5,1,1,NA
MGG_12865T0,RLS[+80]FGDDQEER,dpmk1,1.5,1,2,0.001567838892338153
MGG_12865T0,RLS[+80]FGDDQEER,dpmk1,1.5,2,1,NA
MGG_12865T0,RLS[+80]FGDDQEER,dpmk1,1.5,2,2,8.516204516831676e-4
MGG_12865T0,RLS[+80]FGDDQEER,dpmk1,1.5,3,1,NA
MGG_12865T0,RLS[+80]FGDDQEER,dpmk1,1.5,3,2,1.6566800274608938e-4
MGG_12865T0,RLS[+80]FGDDQEER,dpmk1,2,1,1,NA
MGG_12865T0,RLS[+80]FGDDQEER,dpmk1,2,1,2,0.0031157184975767163
MGG_12865T0,RLS[+80]FGDDQEER,dpmk1,2,2,1,NA
MGG_12865T0,RLS[+80]FGDDQEER,dpmk1,2,2,2,5.723573638863278e-4
MGG_12865T0,RLS[+80]FGDDQEER,dpmk1,2,3,1,NA
MGG_12865T0,RLS[+80]FGDDQEER,dpmk1,2,3,2,9.0019058376082e-4
MGG_12865T0,RLS[+80]FGDDQEER,dpmk1,4,1,1,NA
MGG_12865T0,RLS[+80]FGDDQEER,dpmk1,4,1,2,0.0011572905694966526
MGG_12865T0,RLS[+80]FGDDQEER,dpmk1,4,2,1,NA
MGG_12865T0,RLS[+80]FGDDQEER,dpmk1,4,2,2,7.770952711559469e-4
MGG_12865T0,RLS[+80]FGDDQEER,dpmk1,4,3,1,NA
MGG_12865T0,RLS[+80]FGDDQEER,dpmk1,4,3,2,7.235831825777479e-4
MGG_12865T0,RLS[+80]FGDDQEER,dpmk1,6,1,1,NA
MGG_12865T0,RLS[+80]FGDDQEER,dpmk1,6,1,2,0.0010711545828149954
MGG_12865T0,RLS[+80]FGDDQEER,dpmk1,6,2,1,NA
MGG_12865T0,RLS[+80]FGDDQEER,dpmk1,6,2,2,2.8083847120733053e-4
MGG_12865T0,RLS[+80]FGDDQEER,dpmk1,6,3,1,NA
MGG_12865T0,RLS[+80]FGDDQEER,dpmk1,6,3,2,NA
