id,identifier,modification,Keep,sequence,dpmk1-0,Guy11-0,dpmk1-1,Guy11-1,dpmk1-1.5,Guy11-1.5,dpmk1-2,Guy11-2,dpmk1-4,Guy11-4,dpmk1-6,Guy11-6
MGG_02875T0 [1408-1439]|1xPhospho [S12(86.1)]|[R].SDSLDTTSEYNSGGERNSAALDNLANELETLR.[T],MGG_02875T0 [1408-1439],1xPhospho [S12(86.1)],TRUE,[R].SDSLDTTSEYNSGGERNSAALDNLANELETLR.[T],1,0.316532351,0.285296844,0.466309685,0,0.233040114,0.212033384,0.406793307,0.170667517,0,0,0.702695801
MGG_02875T0 [1408-1439]|1xPhospho [S/Y/T]|[R].SDSLDTTSEYNSGGERNSAALDNLANELETLR.[T],MGG_02875T0 [1408-1439],1xPhospho [S/Y/T],FALSE,[R].SDSLDTTSEYNSGGERNSAALDNLANELETLR.[T],1,0.316532351,0.285296844,0.466309685,0,0.233040114,0.212033384,0.406793307,0.170667517,0,0,0.702695801
MGG_02875T0 [1408-1439]|1xPhospho [S18(100)]|[R].SDSLDTTSEYNSGGERNSAALDNLANELETLR.[T],MGG_02875T0 [1408-1439],1xPhospho [S18(100)],TRUE,[R].SDSLDTTSEYNSGGERNSAALDNLANELETLR.[T],1,0.316532351,0.285296844,0.466309685,0,0.233040114,0.212033384,0.406793307,0.170667517,0,0,0.702695801
MGG_02875T0 [1408-1439]|1xPhospho [T30(97.9)]|[R].SDSLDTTSEYNSGGERNSAALDNLANELETLR.[T],MGG_02875T0 [1408-1439],1xPhospho [T30(97.9)],TRUE,[R].SDSLDTTSEYNSGGERNSAALDNLANELETLR.[T],1,0.316532351,0.285296844,0.466309685,0,0.233040114,0.212033384,0.406793307,0.170667517,0,0,0.702695801
MGG_06726T0 [300-323]|1xPhospho [S]|[K].QLLALKDPSAQGHSSRPISPAAER.[E],MGG_06726T0 [300-323],1xPhospho [S],TRUE,[K].QLLALKDPSAQGHSSRPISPAAER.[E],0.192390703,0,0.296375568,0.229774456,0.218142005,0.181835112,0,0.221982373,0,0,0,1
MGG_03087T0 [364-383]|2xPhospho [S12(98.6); S]|[R].EAASSVGPRDGSEANGEDGN.[-],MGG_03087T0 [364-383],2xPhospho [S12(98.6); S],TRUE,[R].EAASSVGPRDGSEANGEDGN.[-],0.896876451,0,0,0,0,0,0.638646025,0.37195469,0.499915143,0.304556891,0.880004309,1
MGG_03087T0 [364-383]|2xPhospho [S4(96.9); S12(96.9)]|[R].EAASSVGPRDGSEANGEDGN.[-],MGG_03087T0 [364-383],2xPhospho [S4(96.9); S12(96.9)],TRUE,[R].EAASSVGPRDGSEANGEDGN.[-],0.896876451,0,0,0,0,0,0.638646025,0.37195469,0.499915143,0.304556891,0.880004309,1
MGG_03087T0 [364-383]|2xPhospho [S5(97.9); S12(99.7)]|[R].EAASSVGPRDGSEANGEDGN.[-],MGG_03087T0 [364-383],2xPhospho [S5(97.9); S12(99.7)],TRUE,[R].EAASSVGPRDGSEANGEDGN.[-],0.896876451,0,0,0,0,0,0.638646025,0.37195469,0.499915143,0.304556891,0.880004309,1
MGG_02875T0 [628-641]|1xPhospho [S4(81.5)]|[K].SQGSVDSSTDPGLK.[A],MGG_02875T0 [628-641],1xPhospho [S4(81.5)],TRUE,[K].SQGSVDSSTDPGLK.[A],0.78770163,0,0.376049226,0.658889508,0.330421021,0,0.875284423,1,0,0.119920405,0.231767023,0.374668354
MGG_02875T0 [628-641]|1xPhospho [S/T]|[K].SQGSVDSSTDPGLK.[A],MGG_02875T0 [628-641],1xPhospho [S/T],FALSE,[K].SQGSVDSSTDPGLK.[A],0.78770163,0,0.376049226,0.658889508,0.330421021,0,0.875284423,1,0,0.119920405,0.231767023,0.374668354
MGG_02875T0 [463-480]|1xOxidation [M13];1xPhospho [S3(79.5)]|[R].RPSTSNSNEAGGMQVANR.[A],MGG_02875T0 [463-480],1xOxidation [M13];1xPhospho [S3(79.5)],TRUE,[R].RPSTSNSNEAGGMQVANR.[A],1,0.759736771,0.861475374,0.387397307,0.349101287,0,0.696617954,0.725673681,0.216538937,0,0,0.318583167
MGG_02875T0 [463-480]|1xOxidation [M13];1xPhospho [S7(76)]|[R].RPSTSNSNEAGGMQVANR.[A],MGG_02875T0 [463-480],1xOxidation [M13];1xPhospho [S7(76)],TRUE,[R].RPSTSNSNEAGGMQVANR.[A],1,0.759736771,0.861475374,0.387397307,0.349101287,0,0.696617954,0.725673681,0.216538937,0,0,0.318583167
MGG_02875T0 [463-480]|1xOxidation [M13];1xPhospho [T/S]|[R].RPSTSNSNEAGGMQVANR.[A],MGG_02875T0 [463-480],1xOxidation [M13];1xPhospho [T/S],FALSE,[R].RPSTSNSNEAGGMQVANR.[A],1,0.759736771,0.861475374,0.387397307,0.349101287,0,0.696617954,0.725673681,0.216538937,0,0,0.318583167
MGG_02875T0 [463-480]|1xOxidation [M13];1xPhospho [T4(89.3)]|[R].RPSTSNSNEAGGMQVANR.[A],MGG_02875T0 [463-480],1xOxidation [M13];1xPhospho [T4(89.3)],TRUE,[R].RPSTSNSNEAGGMQVANR.[A],1,0.759736771,0.861475374,0.387397307,0.349101287,0,0.696617954,0.725673681,0.216538937,0,0,0.318583167
MGG_02875T0 [1131-1144]|1xPhospho [T7(100)]|[R].ASPRGETPDTAAAR.[V],MGG_02875T0 [1131-1144],1xPhospho [T7(100)],TRUE,[R].ASPRGETPDTAAAR.[V],0,0.139288237,0.808641701,0.612172135,1,0.669336555,0.81862521,0.512727421,0.560222039,0.266899008,0.324320616,0.339777643
MGG_02875T0 [14-35]|1xPhospho [S4(81.9)]|[R].SLSSRDGPPQSSNSSIQSTAAR.[V],MGG_02875T0 [14-35],1xPhospho [S4(81.9)],TRUE,[R].SLSSRDGPPQSSNSSIQSTAAR.[V],0,0,0,0.842236531,0.654175883,1,0.663624701,0.944972461,0.846159445,0.878353989,0,0.333049114
MGG_02875T0 [14-35]|1xPhospho [S3(78.7)]|[R].SLSSRDGPPQSSNSSIQSTAAR.[V],MGG_02875T0 [14-35],1xPhospho [S3(78.7)],TRUE,[R].SLSSRDGPPQSSNSSIQSTAAR.[V],0,0,0,0.842236531,0.654175883,1,0.663624701,0.944972461,0.846159445,0.878353989,0,0.333049114
MGG_02875T0 [14-35]|1xPhospho [S/T]|[R].SLSSRDGPPQSSNSSIQSTAAR.[V],MGG_02875T0 [14-35],1xPhospho [S/T],FALSE,[R].SLSSRDGPPQSSNSSIQSTAAR.[V],0,0,0,0.842236531,0.654175883,1,0.663624701,0.944972461,0.846159445,0.878353989,0,0.333049114
MGG_06572T0 [301-322]|1xPhospho [T/S/Y]|[R].DGPDAAYTSGRFSPTNTPTGGR.[R],MGG_06572T0 [301-322],1xPhospho [T/S/Y],FALSE,[R].DGPDAAYTSGRFSPTNTPTGGR.[R],0,0,0,0.635490513,0,0.692897479,0.773757161,1,0.814596563,0,0.452943416,0.457127388
MGG_06572T0 [301-322]|1xPhospho [T17(77.2)]|[R].DGPDAAYTSGRFSPTNTPTGGR.[R],MGG_06572T0 [301-322],1xPhospho [T17(77.2)],TRUE,[R].DGPDAAYTSGRFSPTNTPTGGR.[R],0,0,0,0.635490513,0,0.692897479,0.773757161,1,0.814596563,0,0.452943416,0.457127388
MGG_06726T0 [306-323]|1xPhospho [S13(95.9)]|[K].DPSAQGHSSRPISPAAER.[E],MGG_06726T0 [306-323],1xPhospho [S13(95.9)],TRUE,[K].DPSAQGHSSRPISPAAER.[E],0,0,0.307886486,0.211025326,0.419035259,0.509002724,0.198453349,0.586714925,0.134915443,0.207331261,0.086113794,1
MGG_11497T0 [323-347]|1xPhospho [Y20(89.5)]|[K].YGAVHSPAQPAAAENPPPPYSPGVK.[S],MGG_11497T0 [323-347],1xPhospho [Y20(89.5)],TRUE,[K].YGAVHSPAQPAAAENPPPPYSPGVK.[S],0,0,0,0.557581874,0,0.589140289,0.411553616,0.445537417,0,0,0,1
MGG_11497T0 [323-347]|1xPhospho [Y1(99.7)]|[K].YGAVHSPAQPAAAENPPPPYSPGVK.[S],MGG_11497T0 [323-347],1xPhospho [Y1(99.7)],TRUE,[K].YGAVHSPAQPAAAENPPPPYSPGVK.[S],0,0,0.768105034,0.610389183,0,0.83843538,0.353658964,0.382862148,0.433334336,0.234616256,0,1
MGG_11497T0 [323-347]|1xPhospho [S6(99.4)]|[K].YGAVHSPAQPAAAENPPPPYSPGVK.[S],MGG_11497T0 [323-347],1xPhospho [S6(99.4)],TRUE,[K].YGAVHSPAQPAAAENPPPPYSPGVK.[S],0,0,0.893845304,0.557581874,0,0.589140289,0.411553616,0.445537417,0,0,0,1
MGG_11497T0 [323-347]|1xPhospho [Y/S]|[K].YGAVHSPAQPAAAENPPPPYSPGVK.[S],MGG_11497T0 [323-347],1xPhospho [Y/S],FALSE,[K].YGAVHSPAQPAAAENPPPPYSPGVK.[S],0,0,0,0.557581874,0,0.589140289,0.411553616,0.445537417,0,0,0,1
MGG_11497T0 [323-347]|1xPhospho [S21(100)]|[K].YGAVHSPAQPAAAENPPPPYSPGVK.[S],MGG_11497T0 [323-347],1xPhospho [S21(100)],TRUE,[K].YGAVHSPAQPAAAENPPPPYSPGVK.[S],0,0,0,0.557581874,0,0.589140289,0.411553616,0.445537417,0,0,0,1
MGG_02875T0 [664-682]|1xOxidation [M17];2xPhospho [S1(89.1); T8(99.8)]|[R].SSNRNSQTVVLLKELDMAR.[N],MGG_02875T0 [664-682],1xOxidation [M17];2xPhospho [S1(89.1); T8(99.8)],TRUE,[R].SSNRNSQTVVLLKELDMAR.[N],0,0,0.359304958,0.761689105,0.400680543,0.700464501,0.433254519,1,0.535484858,0.763392081,0.665646475,0.162602039
MGG_02875T0 [664-682]|1xOxidation [M17];2xPhospho [T8(91); S]|[R].SSNRNSQTVVLLKELDMAR.[N],MGG_02875T0 [664-682],1xOxidation [M17];2xPhospho [T8(91); S],FALSE,[R].SSNRNSQTVVLLKELDMAR.[N],0,0,0.359304958,0.761689105,0.400680543,0.700464501,0.433254519,1,0.535484858,0.763392081,0.665646475,0.162602039
MGG_02875T0 [664-682]|1xOxidation [M17];2xPhospho [S6(99.7); T8(100)]|[R].SSNRNSQTVVLLKELDMAR.[N],MGG_02875T0 [664-682],1xOxidation [M17];2xPhospho [S6(99.7); T8(100)],TRUE,[R].SSNRNSQTVVLLKELDMAR.[N],0,0,0.359304958,0.761689105,0.400680543,0.700464501,0.433254519,1,0.535484858,0.763392081,0.665646475,0.162602039
MGG_02875T0 [664-676]|2xPhospho [S2(85.7); T8(97.5)]|[R].SSNRNSQTVVLLK.[E],MGG_02875T0 [664-676],2xPhospho [S2(85.7); T8(97.5)],TRUE,[R].SSNRNSQTVVLLK.[E],0,0,0,0.616486735,0.641413234,0.789972346,0.917153458,0.949302954,0.41582781,0.406821374,0,1
MGG_02875T0 [664-676]|2xPhospho [S6(98.8); S/T]|[R].SSNRNSQTVVLLK.[E],MGG_02875T0 [664-676],2xPhospho [S6(98.8); S/T],TRUE,[R].SSNRNSQTVVLLK.[E],0,0,0,0.474895786,0.494097317,0.60853627,0.706507192,0.384647964,0.320322991,0.313385098,0,1
MGG_02875T0 [1129-1144]|1xPhospho [T9(96.3)]|[R].SRASPRGETPDTAAAR.[V],MGG_02875T0 [1129-1144],1xPhospho [T9(96.3)],TRUE,[R].SRASPRGETPDTAAAR.[V],0,0,0.487400216,0.530194879,1,0.844843575,0.577118072,0.433815509,0.368796129,0.241062966,0.296873047,0.136591539
MGG_03087T0 [361-383]|1xOxidation [M1];1xPhospho [S8(89.7)]|[R].MQREAASSVGPRDGSEANGEDGN.[-],MGG_03087T0 [361-383],1xOxidation [M1];1xPhospho [S8(89.7)],TRUE,[R].MQREAASSVGPRDGSEANGEDGN.[-],0,0.248413073,0.351269857,0.24903427,0.129175798,0.222608803,0,0,0.65126348,1,0.624155079,0
MGG_03087T0 [361-383]|1xOxidation [M1];1xPhospho [S7(83.4)]|[R].MQREAASSVGPRDGSEANGEDGN.[-],MGG_03087T0 [361-383],1xOxidation [M1];1xPhospho [S7(83.4)],TRUE,[R].MQREAASSVGPRDGSEANGEDGN.[-],0,0.248413073,0.351269857,0.24903427,0.129175798,0.222608803,0,0,0.65126348,1,0.624155079,0
MGG_03087T0 [361-383]|1xOxidation [M1];1xPhospho [S]|[R].MQREAASSVGPRDGSEANGEDGN.[-],MGG_03087T0 [361-383],1xOxidation [M1];1xPhospho [S],FALSE,[R].MQREAASSVGPRDGSEANGEDGN.[-],0,0.242800004,0.343332666,0.243407164,0.126256979,0.217578799,0,0,0.651759778,1,0.610051853,0
MGG_03087T0 [361-383]|1xOxidation [M1];1xPhospho [S15(99.9)]|[R].MQREAASSVGPRDGSEANGEDGN.[-],MGG_03087T0 [361-383],1xOxidation [M1];1xPhospho [S15(99.9)],TRUE,[R].MQREAASSVGPRDGSEANGEDGN.[-],0,0.23596869,0.333672809,0.236558768,0.122704669,0.211457098,0,0,0.649900248,1,0.592887703,0
MGG_03087T0 [361-383]|1xOxidation [M1];2xPhospho [S15(96.6); S]|[R].MQREAASSVGPRDGSEANGEDGN.[-],MGG_03087T0 [361-383],1xOxidation [M1];2xPhospho [S15(96.6); S],TRUE,[R].MQREAASSVGPRDGSEANGEDGN.[-],0,0,0.319997677,1,0,0,0,0,0.573012727,0.80716729,0.974963714,0
MGG_03087T0 [361-383]|1xOxidation [M1];2xPhospho [S7(99.3); S15(100)]|[R].MQREAASSVGPRDGSEANGEDGN.[-],MGG_03087T0 [361-383],1xOxidation [M1];2xPhospho [S7(99.3); S15(100)],TRUE,[R].MQREAASSVGPRDGSEANGEDGN.[-],0,0,0.319997677,1,0,0,0,0,0.573012727,0.80716729,0.974963714,0
MGG_03087T0 [361-383]|1xOxidation [M1];2xPhospho [S8(88.4); S15(100)]|[R].MQREAASSVGPRDGSEANGEDGN.[-],MGG_03087T0 [361-383],1xOxidation [M1];2xPhospho [S8(88.4); S15(100)],TRUE,[R].MQREAASSVGPRDGSEANGEDGN.[-],0,0,0.319997677,1,0,0,0,0,0.573012727,0.80716729,0.974963714,0
MGG_02875T0 [697-712]|1xOxidation [M10];1xPhospho [S11(100)]|[R].KAGYTPNASMSPVFER.[G],MGG_02875T0 [697-712],1xOxidation [M10];1xPhospho [S11(100)],TRUE,[R].KAGYTPNASMSPVFER.[G],0,0,0.35568641,1,0.521617664,0.81350665,0.505354911,0.769487226,0.504586239,0.302050704,0.655093953,0.884901384
MGG_02802T0 [260-283]|1xPhospho [S3(100)]|[R].KESPPARQQAHAHPPPPPPPSNDR.[S],MGG_02802T0 [260-283],1xPhospho [S3(100)],TRUE,[R].KESPPARQQAHAHPPPPPPPSNDR.[S],0,0,0.701961084,0.677375033,0.999067538,0.414404122,0.745112635,1,0.586401622,0,0,0.846043622
MGG_06572T0 [323-330]|1xPhospho [S5(93.4)]|[R].RASLSLVR.[R],MGG_06572T0 [323-330],1xPhospho [S5(93.4)],TRUE,[R].RASLSLVR.[R],0,0,0.913243753,0.88280988,0.653951968,0.601383092,1,0.730484305,0.744190066,0.304974728,0.496449193,0.413145887
MGG_06572T0 [323-330]|1xPhospho [S3(99.2)]|[R].RASLSLVR.[R],MGG_06572T0 [323-330],1xPhospho [S3(99.2)],TRUE,[R].RASLSLVR.[R],0,0,0.913243753,0.88280988,0.653951968,0.601383092,1,0.730484305,0.744190066,0.304974728,0.496449193,0.413145887
MGG_06572T0 [323-330]|1xPhospho [S]|[R].RASLSLVR.[R],MGG_06572T0 [323-330],1xPhospho [S],FALSE,[R].RASLSLVR.[R],0,0,0.913243753,0.88280988,0.653951968,0.601383092,1,0.730484305,0.744190066,0.304974728,0.496449193,0.413145887
MGG_03087T0 [364-372]|1xPhospho [S]|[R].EAASSVGPR.[D],MGG_03087T0 [364-372],1xPhospho [S],TRUE,[R].EAASSVGPR.[D],0,0,0,0.324096475,0.695553863,0.756216175,0.710474732,0.818212557,0.368787796,0,0.370687815,1
MGG_06320T0 [555-566]|3xOxidation [M1; M4; M10];1xPhospho [S2(99.5)]|[R].MSTMSETEVMAK.[L],MGG_06320T0 [555-566],3xOxidation [M1; M4; M10];1xPhospho [S2(99.5)],TRUE,[R].MSTMSETEVMAK.[L],0,0,0,0.618040125,0,0.847327284,0.455442059,0.785469452,0,0.31171491,0,1
MGG_06320T0 [555-566]|3xOxidation [M1; M4; M10];1xPhospho [S/T]|[R].MSTMSETEVMAK.[L],MGG_06320T0 [555-566],3xOxidation [M1; M4; M10];1xPhospho [S/T],FALSE,[R].MSTMSETEVMAK.[L],0,0,0,0.618040125,0,0.847327284,0.455442059,0.785469452,0,0.31171491,0,1
MGG_06726T0 [300-323]|1xPhospho [S19(100)]|[K].QLLALKDPSAQGHSSRPISPAAER.[E],MGG_06726T0 [300-323],1xPhospho [S19(100)],TRUE,[K].QLLALKDPSAQGHSSRPISPAAER.[E],0,0,0.329679214,0.255594153,0.242654565,0.202267877,0,0.246926475,0,0,0,1
MGG_06726T0 [300-323]|1xPhospho [S9(99.4)]|[K].QLLALKDPSAQGHSSRPISPAAER.[E],MGG_06726T0 [300-323],1xPhospho [S9(99.4)],TRUE,[K].QLLALKDPSAQGHSSRPISPAAER.[E],0,0,0.329679214,0.255594153,0.242654565,0.202267877,0,0.246926475,0,0,0,1
MGG_06726T0 [300-327]|1xOxidation [M26];1xPhospho [S]|[K].QLLALKDPSAQGHSSRPISPAAEREMSR.[S],MGG_06726T0 [300-327],1xOxidation [M26];1xPhospho [S],FALSE,[K].QLLALKDPSAQGHSSRPISPAAEREMSR.[S],0,0,0.413479548,0.35612711,0.295491422,0.305624247,0.26223974,0,1,0.237712097,0.524609254,0.438255688
MGG_06726T0 [300-327]|1xOxidation [M26];1xPhospho [S9(83.4)]|[K].QLLALKDPSAQGHSSRPISPAAEREMSR.[S],MGG_06726T0 [300-327],1xOxidation [M26];1xPhospho [S9(83.4)],TRUE,[K].QLLALKDPSAQGHSSRPISPAAEREMSR.[S],0,0,0.413479548,0.35612711,0.295491422,0.305624247,0.26223974,0,1,0.237712097,0.524609254,0.438255688
MGG_06726T0 [300-327]|1xOxidation [M26];1xPhospho [S19(75.3)]|[K].QLLALKDPSAQGHSSRPISPAAEREMSR.[S],MGG_06726T0 [300-327],1xOxidation [M26];1xPhospho [S19(75.3)],TRUE,[K].QLLALKDPSAQGHSSRPISPAAEREMSR.[S],0,0,0.611320406,0,0,0,0.541781444,0,1,0.384301983,0,0.331999662
MGG_06726T0 [300-327]|1xOxidation [M26];1xPhospho [S27(84.3)]|[K].QLLALKDPSAQGHSSRPISPAAEREMSR.[S],MGG_06726T0 [300-327],1xOxidation [M26];1xPhospho [S27(84.3)],TRUE,[K].QLLALKDPSAQGHSSRPISPAAEREMSR.[S],0,0,0.413479548,0.35612711,0.295491422,0.305624247,0.26223974,0,1,0.237712097,0.524609254,0.438255688
MGG_06726T0 [300-327]|1xOxidation [M26];1xPhospho [S14(75.8)]|[K].QLLALKDPSAQGHSSRPISPAAEREMSR.[S],MGG_06726T0 [300-327],1xOxidation [M26];1xPhospho [S14(75.8)],TRUE,[K].QLLALKDPSAQGHSSRPISPAAEREMSR.[S],0,0,1,0.482773798,0.400574717,0.414310998,0,0,0.723270781,0.184015009,0.711171924,0.364728451
MGG_02875T0 [458-480]|1xOxidation [M18];1xPhospho [S12(77.1)]|[R].QQGTRRPSTSNSNEAGGMQVANR.[A],MGG_02875T0 [458-480],1xOxidation [M18];1xPhospho [S12(77.1)],TRUE,[R].QQGTRRPSTSNSNEAGGMQVANR.[A],0,0,0,0,0,0.789828844,0.651918517,0,1,0.773933171,0,0.399098703
MGG_02875T0 [458-480]|1xOxidation [M18];1xPhospho [S/T]|[R].QQGTRRPSTSNSNEAGGMQVANR.[A],MGG_02875T0 [458-480],1xOxidation [M18];1xPhospho [S/T],FALSE,[R].QQGTRRPSTSNSNEAGGMQVANR.[A],0,0,0,0,0,0.789828844,0.651918517,0,1,0.773933171,0,0.399098703
MGG_02875T0 [458-480]|1xOxidation [M18];1xPhospho [S8(98.6)]|[R].QQGTRRPSTSNSNEAGGMQVANR.[A],MGG_02875T0 [458-480],1xOxidation [M18];1xPhospho [S8(98.6)],TRUE,[R].QQGTRRPSTSNSNEAGGMQVANR.[A],0,0,0,0,0,0.864161739,1,0,0.931949182,0.846770082,0,0.347183915
